<?xml version="1.0" encoding="UTF-8"?>
<project-private xmlns="http://www.netbeans.org/ns/project-private/1">
    <editor-bookmarks xmlns="http://www.netbeans.org/ns/editor-bookmarks/2" lastBookmarkId="0"/>
    <open-files xmlns="http://www.netbeans.org/ns/projectui-open-files/2">
        <group>
            <file>file:/var/www/html/myshapecalculator/application/controllers/Getshapedimension.php</file>
            <file>file:/var/www/html/myshapecalculator/application/views/getshapeparameterresults.php</file>
            <file>file:/var/www/html/myshapecalculator/application/views/getshapeparameter.php</file>
            <file>file:/var/www/html/myshapecalculator/application/views/template.php</file>
            <file>file:/var/www/html/myshapecalculator/application/helpers/main_helper.php</file>
            <file>file:/var/www/html/myshapecalculator/application/views/getshapedimension.php</file>
        </group>
    </open-files>
</project-private>
